{
    "t": [1508172180, 1508172120, 1508172060, 1508172000, 1508171940, 1508171880, 1508171820, 1508171760, 1508171700, 1508171640, 1508171580, 1508171520, 1508171460, 1508171400, 1508171340, 1508171280, 1508171220, 1508171160, 1508171100, 1508171040, 1508170980, 1508170920, 1508170860, 1508170800, 1508170740, 1508170680, 1508170620, 1508170560, 1508170500, 1508170440, 1508170380, 1508170320, 1508170260, 1508170200, 1508170140],
    "l": [5655, 5655.01, 5655, 5655.01, 5655.01, 5655, 5655, 5655, 5660, 5660.88, 5675, 5684.99, 5684.99, 5684.99, 5684.99, 5684.99, 5684.66, 5683.01, 5681.34, 5682.07, 5681.61, 5680.01, 5680, 5680, 5680, 5680.54, 5680.51, 5685, 5689.31, 5689, 5689.01, 5689, 5689, 5690.99, 5693.4],
    "h": [5655.01, 5655.01, 5661.41, 5661.41, 5655.01, 5655.01, 5655.01, 5660.01, 5660.89, 5675.01, 5685, 5685, 5685, 5685, 5685, 5685, 5685, 5685, 5683.01, 5683.01, 5683.01, 5683.01, 5680.01, 5680.01, 5680.55, 5681.1, 5685.01, 5689.48, 5691.61, 5690.33, 5689.01, 5689.01, 5692.91, 5693.41, 5693.41],
    "o": [5655.01, 5655.01, 5661.41, 5655.01, 5655.01, 5655.01, 5655.01, 5660, 5660.89, 5675.01, 5685, 5685, 5684.99, 5685, 5685, 5685, 5685, 5683.01, 5683, 5683.01, 5683.01, 5680.01, 5680, 5680.01, 5680.55, 5680.79, 5685.01, 5689.47, 5690.32, 5689.01, 5689.01, 5689.01, 5692.91, 5693.41, 5693.41],
    "c": [5655.01, 5655.01, 5655, 5661.41, 5655.01, 5655.01, 5655.01, 5655, 5660, 5660.89, 5675.01, 5685, 5685, 5685, 5685, 5685, 5685, 5685, 5683.01, 5683, 5683.01, 5682.99, 5680.01, 5680.01, 5680.01, 5680.55, 5680.51, 5685.01, 5689.5, 5690.31, 5689.01, 5689.01, 5689.01, 5690.99, 5693.41],
    "v": [0.30885251, 0.77091373, 16.13651682, 6.71335749, 5.09807991, 3.06063451, 4.05437786, 8.60780385, 8.35072431, 13.79467279, 8.45077126, 3.7762999, 6.3465887, 6.99908024, 3.19049635, 0.73070529, 4.93170861, 3.24374609, 1.93393315, 1.94763219, 4.18747196, 2.9758666, 2.87012216, 2.31176793, 7.7629311, 4.26195278, 5.29380695, 5.60438362, 5.77967055, 33.87091579, 5.67108278, 0.79782874, 1.68101626, 9.55470572, 0.067517],
    "s": "ok"
}
